{
    "Wh": 2245.7169923287697,
    "executionIdentifier": "1339480-MNIST_VGG16_1",
    "joules": 8084581.172383571,
    "samples": 779950,
    "timeExecution": 7809.297805786133
}