{
    "Wh": 1701.0945911747117,
    "executionIdentifier": "1339485-CIFAR10_ResNet50_2",
    "joules": 6123940.528228962,
    "samples": 660802,
    "timeExecution": 6614.9575979709625
}