{
    "Wh": 1690.7909579128423,
    "executionIdentifier": "1339737-CIFAR10_VGG19_3",
    "joules": 6086847.448486232,
    "samples": 618677,
    "timeExecution": 6188.883427858353
}