{
    "Wh": 3082.4455049171197,
    "executionIdentifier": "1340046-MNIST_ResNet50_3",
    "joules": 11096803.81770163,
    "samples": 1119437,
    "timeExecution": 11206.831284999847
}