{
    "Wh": 1730.0694342939887,
    "executionIdentifier": "1339478-CIFAR10_VGG19_1",
    "joules": 6228249.963458359,
    "samples": 618423,
    "timeExecution": 6193.316554069519
}