{
    "Wh": 1462.6692244424225,
    "executionIdentifier": "1339736-CIFAR10_VGG16_3",
    "joules": 5265609.207992721,
    "samples": 537181,
    "timeExecution": 5373.398948907852
}