{
    "Wh": 2158.185996142647,
    "executionIdentifier": "1339739-MNIST_VGG16_3",
    "joules": 7769469.586113529,
    "samples": 765938,
    "timeExecution": 7660.339826822281
}