{
    "Wh": 3010.1574523240533,
    "executionIdentifier": "1339936-MNIST_ResNet50_2",
    "joules": 10836566.828366593,
    "samples": 1128716,
    "timeExecution": 11298.552483797073
}