{
    "Wh": 1693.599428496198,
    "executionIdentifier": "1339738-CIFAR10_ResNet50_3",
    "joules": 6096957.942586313,
    "samples": 661146,
    "timeExecution": 6614.8676698207855
}