{
    "Wh": 1725.414789607157,
    "executionIdentifier": "1339484-CIFAR10_VGG19_2",
    "joules": 6211493.242585765,
    "samples": 615367,
    "timeExecution": 6158.396698951721
}