{
    "Wh": 2251.8667387510213,
    "executionIdentifier": "1339486-MNIST_VGG16_2",
    "joules": 8106720.259503677,
    "samples": 783528,
    "timeExecution": 7838.487481832504
}