{
    "Wh": 1736.6798087966151,
    "executionIdentifier": "1339479-CIFAR10_ResNet50_1",
    "joules": 6252047.311667815,
    "samples": 661211,
    "timeExecution": 6612.581787824631
}