{
    "Wh": 1482.3264276582074,
    "executionIdentifier": "1339483-CIFAR10_VGG16_2",
    "joules": 5336375.139569547,
    "samples": 543592,
    "timeExecution": 5448.3347861766815
}