{
    "Wh": 2568.134862020575,
    "executionIdentifier": "1339481-MNIST_VGG19_1",
    "joules": 9245285.50327407,
    "samples": 903087,
    "timeExecution": 9033.987750053406
}