{
    "Wh": 2541.6378216402386,
    "executionIdentifier": "1339740-MNIST_VGG19_3",
    "joules": 9149896.15790486,
    "samples": 897121,
    "timeExecution": 8979.671121120453
}