{
    "Wh": 2532.0222378697795,
    "executionIdentifier": "1339935-MNIST_VGG19_2",
    "joules": 9115280.056331206,
    "samples": 885785,
    "timeExecution": 8863.878591060638
}