{
    "Wh": 1531.1026928273604,
    "executionIdentifier": "1339477-CIFAR10_VGG16_1",
    "joules": 5511969.694178497,
    "samples": 547855,
    "timeExecution": 5480.135517120361
}