{
    "Wh": 3025.2079362245436,
    "executionIdentifier": "1339934-MNIST_ResNet50_1",
    "joules": 10890748.570408357,
    "samples": 1125076,
    "timeExecution": 11259.25446486473
}